,data,label,type
0,Ok i wont call or disturb any one. I know all are avoiding me. I am a burden for all,0,ham
1,"Nothing much, chillin at home. Any super bowl plan?",0,ham
2,Boo. How's things? I'm back at home and a little bored already :-(,0,ham
3,"Do 1 thing! Change that sentence into: ""Because i want 2 concentrate in my educational career im leaving here..""",0,ham
4,"Geeeee ... Your internet is really bad today, eh ?",0,ham
5,Where @,0,ham
6,Great! I hope you like your man well endowed. I am  &lt;#&gt;  inches...,0,ham
7,Hi im having the most relaxing time ever! we have to get up at 7am every day! was the party good the other night? I get home tomorrow at 5ish.,0,ham
8,"Yeah work is fine, started last week, all the same stuff as before, dull but easy and guys are fun!",0,ham
9,I'm in a movie... Collect car oredi...,0,ham
10,"(I should add that I don't really care and if you can't I can at least get this dude to fuck off but hey, your money if you want it)",0,ham
11,Ok give me 5 minutes I think I see her. BTW you're my alibi. You were cutting my hair the whole time.,0,ham
12,You know my old Dom I told you about yesterday ? His name is Roger? He got in touch with me last night and wants me to meet him today at 2 pm,0,ham
13,What's ur pin?,0,ham
14,"wiskey Brandy Rum Gin Beer Vodka Scotch Shampain Wine ""KUDI""yarasu dhina vaazhthukkal. ..",0,ham
15,Eh sorry leh... I din c ur msg. Not sad already lar. Me watching tv now. U still in office?,0,ham
16,I liked your new house,0,ham
17,May b approve panalam...but it should have more posts..,0,ham
18,But I'm on a diet. And I ate 1 too many slices of pizza yesterday. Ugh I'm ALWAYS on a diet.,0,ham
19,"As a SIM subscriber, you are selected to receive a Bonus! Get it delivered to your door, Txt the word OK to No: 88600 to claim. 150p/msg, EXP. 30Apr",1,spam
20,Maybe?! Say hi to  and find out if  got his card. Great escape or wetherspoons? ,0,ham
21,"Aight, let me know when you're gonna be around usf",0,ham
22,I'm home.,0,ham
23,Omg you can make a wedding chapel in frontierville? Why do they get all the good stuff?,0,ham
24,K. Did you call me just now ah? ,0,ham
25,She's fine. Good to hear from you. How are you my dear? Happy new year oh.,0,ham
26,Have a good trip. Watch out for . Remember when you get back we must decide about easter.,0,ham
27,Oh really?? Did you make it on air? What's your talent?,0,ham
28,Its sunny in california. The weather's just cool,0,ham
29,You can jot down things you want to remember later.,0,ham
30,Infact happy new year. How are you where are you when are we seeing,0,ham
31,Message from . I am at Truro Hospital on ext. You can phone me here. as I have a phone by my side,0,ham
32,Then u ask darren go n pick u lor... But i oso sian tmr haf 2 meet lect...,0,ham
33,Wen did you get so spiritual and deep. That's great,0,ham
34,"Yeah, probably but not sure. Ilol let u know, but personally I wuldnt bother, then again if ur goin to then I mite as well!!",0,ham
35,"Fighting with the world is easy, u either win or lose bt fightng with some1 who is close to u is dificult if u lose - u lose if u win - u still lose.",0,ham
36,It should take about  &lt;#&gt;  min,0,ham
37,Promotion Number: 8714714 - UR awarded a City Break and could WIN a £200 Summer Shopping spree every WK. Txt STORE to 88039 . SkilGme. TsCs087147403231Winawk!Age16 £1.50perWKsub,1,spam
38,Wat uniform? In where get?,0,ham
39,"Imagine you finally get to sink into that bath after I have put you through your paces, maybe even having you eat me for a while before I left ... But also imagine the feel of that cage on your cock surrounded by the bath water, reminding you always who owns you ... Enjoy, my cuck",0,ham
40,"Hurry up, I've been weed-deficient for like three days",0,ham
41,I'm always looking for an excuse to be in the city.,0,ham
42,we tried to contact you re your response to our offer of a new nokia fone and camcorder hit reply or call 08000930705 for delivery,1,spam
43,Not a lot has happened here. Feels very quiet. Beth is at her aunts and charlie is working lots. Just me and helen in at the mo. How have you been? ,0,ham
44,Watch lor. I saw a few swatch one i thk quite ok. Ard 116 but i need 2nd opinion leh...,0,ham
45,I dont know why she.s not getting your messages,0,ham
46, what number do u live at? Is it 11?,0,ham
47,"SMS. ac Blind Date 4U!: Rodds1 is 21/m from Aberdeen, United Kingdom. Check Him out http://img. sms. ac/W/icmb3cktz8r7!-4 no Blind Dates send HIDE",1,spam
48,Are u coming to the funeral home,0,ham
49,No problem. How are you doing?,0,ham
50,"Me also da, i feel yesterday night  wait til 2day night dear.",0,ham
51,Everybody had fun this evening. Miss you.,0,ham
52,*deep sigh* ... I miss you :-( ... I am really surprised you haven't gone to the net cafe yet to get to me ... Don't you miss me?,0,ham
53,I want kfc its Tuesday. Only buy 2 meals ONLY 2. No gravy. Only 2 Mark. 2!,0,ham
54,Need a coffee run tomo?Can't believe it's that time of week already,0,ham
55,Dude just saw a parked car with its sunroof popped up. Sux,0,ham
56,"Aight will do, thanks again for comin out",0,ham
57,"Yeah, don't go to bed, I'll be back before midnight",0,ham
58,"Total disappointment, when I texted you was the craziest shit got :(",0,ham
59,Guess he wants alone time. We could just show up and watch when they do..,0,ham
60,What makes you most happy?,0,ham
61,Have you got Xmas radio times. If not i will get it now,0,ham
62,What u talking bout early morning? It's almost noon where your at!,0,ham
63,Feel Yourself That You Are Always Happy.. Slowly It Becomes Your Habit &amp; Finally It Becomes Part Of Your Life.. Follow It.. Happy Morning &amp; Have A Happy Day:),0,ham
64,Is she replying. Has boye changed his phone number,0,ham
65,On ma way to school. Can you pls send me ashley's number,0,ham
66,Tomorrow i am not going to theatre. . . So i can come wherever u call me. . . Tell me where and when to come tomorrow,0,ham
67,"Easy mate, * guess the quick drink was bit ambitious.",0,ham
68,"HOT LIVE FANTASIES call now 08707509020 Just 20p per min NTT Ltd, PO Box 1327 Croydon CR9 5WB 0870..k",1,spam
69,On the road so cant txt,0,ham
70,How i noe... She's in da car now... Later then c lar... I'm wearing shorts...,0,ham
71,I'm okay. Chasing the dream. What's good. What are you doing next.,0,ham
72,Ur ringtone service has changed! 25 Free credits! Go to club4mobiles.com to choose content now! Stop? txt CLUB STOP to 87070. 150p/wk Club4 PO Box1146 MK45 2WT,1,spam
73,Ok... Thanx... Gd nite 2 ü too...,0,ham
74,I was just callin to say hi. Take care bruv!,0,ham
75,"Oh my god! I've found your number again! I'm so glad, text me back xafter this msgs cst std ntwk chg £1.50",1,spam
76,You lifted my hopes with the offer of money. I am in need. Especially when the end of the month approaches and it hurts my studying. Anyways have a gr8 weekend,0,ham
77,U still havent got urself a jacket ah?,0,ham
78,I'll let you know when it kicks in,0,ham
79,Ard 530 like dat lor. We juz meet in mrt station then ü dun haf to come out.,0,ham
80,"By march ending, i should be ready. But will call you for sure. The problem is that my capital never complete. How far with you. How's work and the ladies",0,ham
81,Why you keeping me away like this,0,ham
82,How's it going? Got any exciting karaoke type activities planned? I'm debating whether to play football this eve. Feeling lazy though.,0,ham
83,Or remind me in a few hrs.,0,ham
84,Hey so this sat are we going for the intro pilates only? Or the kickboxing too? ,0,ham
85,Howz pain.it will come down today.do as i said ystrday.ice and medicine.,0,ham
86,Yes I started to send requests to make it but pain came back so I'm back in bed. Double coins at the factory too. I gotta cash in all my nitros.,0,ham
87,In that case I guess I'll see you at campus lodge,0,ham
88,I can't describe how lucky you are that I'm actually awake by noon,0,ham
89,Ok ill send you with in  &lt;DECIMAL&gt;  ok.,0,ham
90,URGENT! Your Mobile number has been awarded with a £2000 Bonus Caller Prize. Call 09058095201 from land line. Valid 12hrs only,1,spam
91,Sorry i've not gone to that place. I.ll do so tomorrow. Really sorry.,0,ham
92,"I've got  &lt;#&gt; , any way I could pick up?",0,ham
93,"Oh right, ok. I'll make sure that i do loads of work during the day!  got a really nasty cough today and is dry n shot so that should really help it!",0,ham
94,So i could kiss and feel you next to me...,0,ham
95,What your plan for pongal?,0,ham
96,"Hey sexy buns ! Have I told you ? I adore you, loverboy. I hope you remember to thank your sister in law for those meatballs *grins* ... i love you, babe",0,ham
97,Can't take any major roles in community outreach. You rock mel,0,ham
98,Oh and by the way you do have more food in your fridge! Want to go out for a meal tonight? ,0,ham
99,Thanx a lot 4 ur help!,0,ham
100,"I‘ll leave around four, ok?",0,ham
101,"Under the sea, there lays a rock. In the rock, there is an envelope. In the envelope, there is a paper. On the paper, there are 3 words... '",0,ham
102,WOT U UP 2 J?,0,ham
103,Its a great day. Do have yourself a beautiful one.,0,ham
104,Ü no home work to do meh... ,0,ham
105,I reach home safe n sound liao...,0,ham
106,Yes.mum lookin strong:),0,ham
107,Just now saw your message.it k da:),0,ham
108,U guys never invite me anywhere :(,0,ham
109,I got your back! Do you have any dislikes in bed?,0,ham
110,"For ur chance to win a £250 cash every wk TXT: ACTION to 80608. T's&C's www.movietrivia.tv custcare 08712405022, 1x150p/wk",1,spam
111,How was txting and driving,0,ham
112,Is ur lecture over?,0,ham
113,Shopping? Eh ger i toking abt syd leh...Haha,0,ham
114,Yup next stop.,0,ham
115,I am waiting machan. Call me once you free.,0,ham
116,Are you free now?can i call now?,0,ham
117,Not yet chikku..wat abt u?,0,ham
118,I'm always on yahoo messenger now. Just send the message to me and i.ll get it you may have to send it in the mobile mode sha but i.ll get it. And will reply.,0,ham
119,Leave it de:-). Start Prepare for next:-)..,0,ham
120,Ugh fuck it I'm resubbing to eve,0,ham
121,Black shirt n blue jeans... I thk i c ü...,0,ham
122,You said to me before i went back to bed that you can't sleep for anything.,0,ham
123,"Yep, by the pretty sculpture",0,ham
124,Will purchase d stuff today and mail to you. Do you have a po box number?,0,ham
125,They don't put that stuff on the roads to keep it from getting slippery over there?,0,ham
126,I know a few people I can hit up and fuck to the yes,0,ham
127,"""Are you comingdown later?""",0,ham
128,"Dad wanted to talk about the apartment so I got a late start, omw now",0,ham
129,THANX4 TODAY CER IT WAS NICE 2 CATCH UP BUT WE AVE 2 FIND MORE TIME MORE OFTEN OH WELL TAKE CARE C U SOON.C,0,ham
130,"Come to me, slave. Your doing it again ... Going into your shell and unconsciously avoiding me ... You are making me unhappy :-(",0,ham
131,I dont. Can you send it to me. Plus how's mode.,0,ham
132,I WILL CAL YOU SIR. In meeting,0,ham
133,I've sent ü my part..,0,ham
134,"Hey...Great deal...Farm tour 9am to 5pm $95/pax, $50 deposit by 16 May",0,ham
135,E admin building there? I might b slightly earlier... I'll call u when i'm reaching...,0,ham
136,Hey. You got any mail?,0,ham
137,U can call me now...,0,ham
138,No plm i will come da. On the way.,0,ham
139,Hi my email address has changed now it is ,0,ham
140,I'm meeting Darren...,0,ham
141,Does not operate after  &lt;#&gt;  or what,0,ham
142,"Hiya, probably coming home * weekend after next",0,ham
143,Did you stitch his trouser,0,ham
144,K still are you loving me.,0,ham
145,Wat ü doing now?,0,ham
146,Good night. Am going to sleep.,0,ham
147,Ryder unsold.now gibbs.,0,ham
148,"see, i knew giving you a break a few times woul lead to you always wanting to miss curfew. I was gonna gibe you 'til one, but a MIDNIGHT movie is not gonna get out til after 2. You need to come home. You need to getsleep and, if anything, you need to b studdying ear training.",0,ham
149,* Will be september by then!,0,ham
150,Congrats ! Treat pending.i am not on mail for 2 days.will mail once thru.Respect mother at home.check mails.,0,ham
151,Yeah if we do have to get a random dude we need to change our info sheets to PARTY  &lt;#&gt; /7 NEVER STUDY just to be safe,0,ham
152,2mro i am not coming to gym machan. Goodnight.,0,ham
153,Just re read it and I have no shame but tell me how he takes it and if he runs I will blame u 4 ever!! Not really 4 ever just a long time ,0,ham
154,I had a good time too. Its nice to do something a bit different with my weekends for a change. See ya soon,0,ham
155,Ever thought about living a good life with a perfect partner? Just txt back NAME and AGE to join the mobile community. (100p/SMS),1,spam
156,ITS A LAPTOP TAKE IT WITH YOU.,0,ham
157,"Enjoy the showers of possessiveness poured on u by ur loved ones, bcoz in this world of lies, it is a golden gift to be loved truly..",0,ham
158,"Rock yr chik. Get 100's of filthy films &XXX pics on yr phone now. rply FILTH to 69669. Saristar Ltd, E14 9YT 08701752560. 450p per 5 days. Stop2 cancel",1,spam
159,Nope i'm not drivin... I neva develop da photos lei...,0,ham
160,"Like  &lt;#&gt; , same question",0,ham
161,"Hey there! Glad u r better now. I hear u treated urself to a digi cam, is it good? We r off at 9pm. Have a fab new year, c u in coupla wks!",0,ham
162,"""BOO BABE! U ENJOYIN YOURJOB? U SEEMED 2 B GETTIN ON WELL HUNNY!HOPE URE OK?TAKE CARE & ILLSPEAK 2U SOONLOTS OF LOVEME XXXX.""",0,ham
163,You still at the game?,0,ham
164,I am joining today formally.Pls keep praying.will talk later.,0,ham
165,Yo you guys ever figure out how much we need for alcohol? Jay and I are trying to figure out how much we can safely spend on weed,0,ham
166,U calling me right? Call my hand phone...,0,ham
167,Yup. Izzit still raining heavily cos i'm in e mrt i can't c outside.,0,ham
168,Yeah sure I'll leave in a min,0,ham
169,Unni thank you dear for the recharge..Rakhesh,0,ham
170,Excellent! Wish we were together right now!,0,ham
171,We still on for tonight?,0,ham
172,Hey loverboy! I love you !! I had to tell ... I look at your picture and ache to feel you between my legs ... Fuck I want you ... I need you ... I crave you .,0,ham
173,Well you told others you'd marry them...,0,ham
174,"Got what it takes 2 take part in the WRC Rally in Oz? U can with Lucozade Energy! Text RALLY LE to 61200 (25p), see packs or lucozade.co.uk/wrc & itcould be u!",1,spam
175,Was actually about to send you a reminder today. Have a wonderful weekend,0,ham
176,Sorry da. I gone mad so many pending works what to do.,0,ham
177,Still chance there. If you search hard you will get it..let have a try :),0,ham
178,K..k..i'm also fine:)when will you complete the course?,0,ham
179,meet you in corporation st outside gap … you can see how my mind is working!,0,ham
180,"Haha just kidding, papa needs drugs",0,ham
181,Dunno he jus say go lido. Same time 930.,0,ham
182,FreeMsg: Fancy a flirt? Reply DATE now & join the UKs fastest growing mobile dating service. Msgs rcvd just 25p to optout txt stop to 83021. Reply DATE now!,1,spam
183,Can come my room but cannot come my house cos my house still messy... Haha...,0,ham
184,Me sef dey laugh you. Meanwhile how's my darling anjie!,0,ham
185,Oh god..taken the teeth?is it paining,0,ham
186,on hen night. Going with a swing,0,ham
187,That one week leave i put know that time. Why.,0,ham
188,K k:) sms chat with me.,0,ham
189,"fyi I'm at usf now, swing by the room whenever",0,ham
190,Hi I'm sue. I am 20 years old and work as a lapdancer. I love sex. Text me live - I'm i my bedroom now. text SUE to 89555. By TextOperator G2 1DA 150ppmsg 18+,1,spam
191,"Yes, princess. Are you going to make me moan?",0,ham
192,U wake up already? Thanx 4 e tau sar piah it's quite nice.,0,ham
193," came to look at the flat, seems ok, in his 50s? * Is away alot wiv work. Got woman coming at 6.30 too.",0,ham
194,"Why is that, princess? I bet the brothas are all chasing you!",0,ham
195,"U've been selected to stay in 1 of 250 top British hotels - FOR NOTHING! Holiday valued at £350! Dial 08712300220 to claim - National Rate Call. Bx526, SW73SS",1,spam
196,You busy or can I come by at some point and figure out what we're doing tomorrow,0,ham
197,"Ur balance is now £600. Next question: Complete the landmark, Big, A. Bob, B. Barry or C. Ben ?. Text A, B or C to 83738. Good luck!",1,spam
198,"I know dat feelin had it with Pete! Wuld get with em , nuther place nuther time mayb?",0,ham
199,Do you want 750 anytime any network mins 150 text and a NEW video phone for only five pounds per week call 08000776320 now or reply for delivery Tomorrow,1,spam
200,Yes when is the appt again?,0,ham
201,You will go to walmart. I.ll stay.,0,ham
202,Just getting back home,0,ham
203,He's really into skateboarding now despite the fact that he gets thrown off of it and winds up with bandages and shit all over his arms every five minutes,0,ham
204,I have printed it oh. So  &lt;#&gt;  come upstairs,0,ham
205,"Actually nvm, got hella cash, we still on for  &lt;#&gt; ish?",0,ham
206,Sunshine Quiz Wkly Q! Win a top Sony DVD player if u know which country the Algarve is in? Txt ansr to 82277. £1.50 SP:Tyrone,1,spam
207,Or u ask they all if next sat can a not. If all of them can make it then i'm ok lor.,0,ham
208,Love has one law; Make happy the person you love. In the same way friendship has one law; Never make ur friend feel alone until you are alive.... Gud night,0,ham
209,Die... I accidentally deleted e msg i suppose 2 put in e sim archive. Haiz... I so sad...,0,ham
210,at bruce b downs &amp; fletcher now,0,ham
211,Might ax well im there.,0,ham
212,Wewa is 130. Iriver 255. All 128 mb.,0,ham
213,I'm good. Have you registered to vote?,0,ham
214,Dont think you need yellow card for uk travel. Ask someone that has gone before. If you do its just  &lt;#&gt; bucks,0,ham
215,Love it! I want to flood that pretty pussy with cum...,0,ham
216,I ain't answerin no phone at what is actually a pretty reasonable hour but I'm sleepy,0,ham
217,"URGENT! Your Mobile No 07808726822 was awarded a £2,000 Bonus Caller Prize on 02/09/03! This is our 2nd attempt to contact YOU! Call 0871-872-9758 BOX95QU",1,spam
218,"Hi, this is Mandy Sullivan calling from HOTMIX FM...you are chosen to receive £5000.00 in our Easter Prize draw.....Please telephone 09041940223 to claim before 29/03/05 or your prize will be transferred to someone else....",1,spam
219,"Can you please ask macho what his price range is, does he want something new or used plus it he only interfued in the blackberry bold  &lt;#&gt;  or any bb",0,ham
220,soon you will have the real thing princess! Do i make you wet? :),0,ham
221,Are you still getting the goods.,0,ham
222,<Forwarded from 21870000>Hi - this is your Mailbox Messaging SMS alert. You have 40 matches. Please call back on 09056242159 to retrieve your messages and matches cc100p/min,1,spam
223,Do have a nice day today. I love you so dearly.,0,ham
224,Do you want a new video handset? 750 anytime any network mins? Half Price Line Rental? Camcorder? Reply or call 08000930705 for delivery tomorrow,1,spam
225,they released another Italian one today and it has a cosign option,0,ham
226,"She is our sister.. She belongs 2 our family.. She is d hope of tomorrow.. Pray 4 her,who was fated 4 d Shoranur train incident. Lets hold our hands together &amp; fuelled by love &amp; concern prior 2 her grief &amp; pain. Pls join in dis chain &amp; pass it. STOP VIOLENCE AGAINST WOMEN.",0,ham
227,Waaaat?? Lololo ok next time then!,0,ham
228,But i'm surprised she still can guess right lor...,0,ham
229,Yup i thk so until e shop closes lor.,0,ham
230,"Lemme know when I can swing by and pick up, I'm free basically any time after 1 all this semester",0,ham
231,"Dear Voucher Holder, To claim this weeks offer, at you PC please go to http://www.e-tlp.co.uk/expressoffer Ts&Cs apply. To stop texts, txt STOP to 80062",1,spam
232,Hi! This is Roger from CL. How are you?,0,ham
233,"""HI BABE UAWAKE?FEELLIKW SHIT.JUSTFOUND OUT VIA ALETTER THATMUM GOTMARRIED 4thNOV.BEHIND OURBACKS  FUCKINNICE!SELFISH,DEVIOUSBITCH.ANYWAY,IL CALL U""",0,ham
234,"We spend our days waiting for the ideal path to appear in front of us.. But what we forget is.. ""paths are made by walking.. not by waiting.."" Goodnight!",0,ham
235,"Sorry sir, i will call you tomorrow.  senthil.hsbc",0,ham
236,Ha... U jus ate honey ar? So sweet...,0,ham
237,Lol I know! Hey someone did a great inpersonation of flea on the forums. I love it!,0,ham
238,Not getting anywhere with this damn job hunting over here!,0,ham
239,&lt;#&gt;  w jetton ave if you forgot,0,ham
240,Are you ok. What happen to behave like this,0,ham
241,Ok lor wat time ü finish?,0,ham
242,Sat right? Okay thanks... ,0,ham
243,"Yeah hopefully, if tyler can't do it I could maybe ask around a bit",0,ham
244,Here is your discount code RP176781. To stop further messages reply stop. www.regalportfolio.co.uk. Customer Services 08717205546,1,spam
245,Where is that one day training:-),0,ham
246,Good. No swimsuit allowed :),0,ham
247,"New Tones This week include: 1)McFly-All Ab.., 2) Sara Jorge-Shock.. 3) Will Smith-Switch.. To order follow instructions on next message",1,spam
248,Ok which your another number,0,ham
249,"There'll be a minor shindig at my place later tonight, you interested?",0,ham
250,IMPORTANT MESSAGE. This is a final contact attempt. You have important messages waiting out our customer claims dept. Expires 13/4/04. Call 08717507382 NOW!,1,spam
251,No calls..messages..missed calls,0,ham
252,Oh k.k..where did you take test?,0,ham
253,So that means you still think of teju,0,ham
254,"cmon babe, make me horny, *turn* me on! Txt me your fantasy now babe -) Im hot, sticky and need you now. All replies cost £1.50. 2 cancel send STOP",1,spam
255,The evo. I just had to download flash. Jealous?,0,ham
256,Carry on not disturbing both of you,0,ham
257,Great. Have a safe trip. Dont panic surrender all.,0,ham
258,"""CHEERS U TEX MECAUSE U WEREBORED! YEAH OKDEN HUNNY R UIN WK SAT?SOUNDS LIKEYOUR HAVIN GR8FUN J! KEEP UPDAT COUNTINLOTS OF LOVEME XXXXX.""",0,ham
259,Ron say fri leh. N he said ding tai feng cant make reservations. But he said wait lor.,0,ham
260,"Goodmorning, Today i am late for  &lt;#&gt; min.",0,ham
261,Just checking in on you. Really do miss seeing Jeremiah. Do have a great month,0,ham
262,How stupid to say that i challenge god.You dont think at all on what i write instead you respond immed.,0,ham
263,I'm home. Ard wat time will u reach?,0,ham
264,"Haven't seen my facebook, huh? Lol!",0,ham
265,That sucks. So what do you got planned for your yo valentine? I am your yo valentine aren't I?,0,ham
266,I'll be late...,0,ham
267,"Bloody hell, cant believe you forgot my surname Mr . Ill give u a clue, its spanish and begins with m... ",0,ham
268,What is this 'hex' place you talk of? Explain!,0,ham
269,U ned to convince him tht its not possible witot hurting his feeling its the main,0,ham
270,Hi da:)how is the todays class?,0,ham
271,lyricalladie(21/F) is inviting you to be her friend. Reply YES-910 or NO-910. See her: www.SMS.ac/u/hmmross STOP? Send STOP FRND to 62468,1,spam
272,"I'd say that's a good sign but, well, you know my track record at reading women",0,ham
273,Havent.,0,ham
274,I will see in half an hour,0,ham
275,"Got fujitsu, ibm, hp, toshiba... Got a lot of model how to say...",0,ham
276,Urgent! Please call 09061213237 from a landline. £5000 cash or a 4* holiday await collection. T &Cs SAE PO Box 177 M227XY. 16+,1,spam
277,"Hi Shanil,Rakhesh here.thanks,i have exchanged the uncut diamond stuff.leaving back. Excellent service by Dino and Prem.",0,ham
278,SORRY IM STIL FUCKED AFTER LAST NITE WENT TOBED AT 430 GOT UP 4 WORK AT 630,0,ham
279,"""AH POOR BABY!HOPE URFEELING BETTERSN LUV! PROBTHAT OVERDOSE OF WORK HEY GO CAREFUL SPK 2 U SN LOTS OF LOVEJEN XXX.""",0,ham
280,How r ü going to send it to me?,0,ham
281,Otherwise had part time job na-tuition..,0,ham
282,Well she's in for a big surprise!,0,ham
283,Send a logo 2 ur lover - 2 names joined by a heart. Txt LOVE NAME1 NAME2 MOBNO eg LOVE ADAM EVE 07123456789 to 87077 Yahoo! POBox36504W45WQ TxtNO 4 no ads 150p.,1,spam
284,"I need an 8th but I'm off campus atm, could I pick up in an hour or two?",0,ham
285,U have won a nokia 6230 plus a free digital camera. This is what u get when u win our FREE auction. To take part send NOKIA to 83383 now. POBOX114/14TCR/W1 16,1,spam
286,"Sorry light turned green, I meant another friend wanted  &lt;#&gt;  worth but he may not be around",0,ham
287,Later i guess. I needa do mcat study too.,0,ham
288,"The fact that you're cleaning shows you know why i'm upset. Your priority is constantly ""what i want to do,"" not ""what i need to do.""",0,ham
289,You are now unsubscribed all services. Get tons of sexy babes or hunks straight to your phone! go to http://gotbabes.co.uk. No subscriptions.,1,spam
290,Cos i want it to be your thing,0,ham
291,Call to the number which is available in appointment. And ask to connect the call to waheed fathima.,0,ham
292,Hmm...Bad news...Hype park plaza $700 studio taken...Only left 2 bedrm-$900...,0,ham
293,Well that must be a pain to catch,0,ham
294,"This weeks SavaMob member offers are now accessible. Just call 08709501522 for details! SavaMob, POBOX 139, LA3 2WU. Only £1.50/week. SavaMob - offers mobile!",1,spam
295,I think you should go the honesty road. Call the bank tomorrow. Its the tough decisions that make us great people.,0,ham
296,"I'm in solihull, | do you want anything?",0,ham
297,"Bill, as in: Are there any letters for me. i’m expecting one from orange that isn’t a bill but may still say orange on it.",0,ham
298,Same as u... Dun wan... Y u dun like me already ah... Wat u doing now? Still eating?,0,ham
299,2p per min to call Germany 08448350055 from your BT line. Just 2p per min. Check PlanetTalkInstant.com for info & T's & C's. Text stop to opt out,1,spam
300,"FREE RINGTONE text FIRST to 87131 for a poly or text GET to 87131 for a true tone! Help? 0845 2814032 16 after 1st free, tones are 3x£150pw to e£nd txt stop",1,spam
301,We walked from my moms. Right on stagwood pass right on winterstone left on victors hill. Address is &lt;#&gt;,0,ham
302,Can you do a mag meeting this avo at some point?,0,ham
303,"Dear Sir,Salam Alaikkum.Pride and Pleasure meeting you today at the Tea Shop.We are pleased to send you our contact number at Qatar.Rakhesh an Indian.Pls save our Number.Respectful Regards.",0,ham
304,"We know TAJ MAHAL as symbol of love. But the other lesser known facts 1. Mumtaz was Shahjahan's 4th wife, out of his 7 wifes. 2. Shahjahan killed Mumtaz's husband to marry her. 3. Mumtaz died in her  &lt;#&gt; th delivery. 4. He then married Mumtaz's sister. Question arises where the Hell is the LOVE?:-| -The Great Hari-",0,ham
305,Howz pain?hope u r fine..,0,ham
306,Hey leave it. not a big deal:-) take care.,0,ham
307,Left dessert. U wan me 2 go suntec look 4 u?,0,ham
308,Good sleep is about rhythm. The person has to establish a rhythm that the body will learn and use. If you want to know more :-),0,ham
309,Of course ! Don't tease me ... You know I simply must see ! *grins* ... Do keep me posted my prey ... *loving smile* *devouring kiss*,0,ham
310,"K, I might come by tonight then if my class lets out early",0,ham
311,Mm yes dear look how i am hugging you both. :-P,0,ham
312,"Fuck babe ... I miss you already, you know ? Can't you let me send you some money towards your net ? I need you ... I want you ... I crave you ...",0,ham
313,"Yes but i dont care! I need you bad, princess!",0,ham
314,Yo come over carlos will be here soon,0,ham
315,Baaaaaaaabe! Wake up ! I miss you ! I crave you! I need you!,0,ham
316,"Call me. I m unable to cal. Lets meet bhaskar, and deep",0,ham
317,100 dating service cal;l 09064012103 box334sk38ch,1,spam
318,Yup i thk cine is better cos no need 2 go down 2 plaza mah.,0,ham
319,"I'll text carlos and let you know, hang on",0,ham
320,You in your room? I need a few,0,ham
321,Thats cool. i am a gentleman and will treat you with dignity and respect.,0,ham
322,Yup ok...,0,ham
323,Did you show him and wot did he say or could u not c him 4 dust?,0,ham
324,That's the way you should stay oh.,0,ham
325,"Evening * v good if somewhat event laden. Will fill you in, don't you worry … Head * ok but throat * wrecked. See you at six then!",0,ham
326,That's a shame! Maybe cld meet for few hrs tomo?,0,ham
327,R u sure they'll understand that! Wine * good idea just had a slurp!,0,ham
328,"Gud gud..k, chikku tke care.. sleep well gud nyt",0,ham
329,1 in cbe. 2 in chennai.,0,ham
330,Congratulations ur awarded 500 of CD vouchers or 125gift guaranteed & Free entry 2 100 wkly draw txt MUSIC to 87066 TnCs www.Ldew.com1win150ppmx3age16,1,spam
331,Have a safe trip to Nigeria. Wish you happiness and very soon company to share moments with,0,ham
332,Good Morning plz call me sir,0,ham
333,Sometimes Heart Remembrs someone Very much... Forgets someone soon... Bcoz Heart will not like everyone. But liked ones will be Remembered Everytime... BSLVYL,0,ham
334,SMS AUCTION You have won a Nokia 7250i. This is what you get when you win our FREE auction. To take part send Nokia to 86021 now. HG/Suite342/2Lands Row/W1JHL 16+,1,spam
335,URGENT! We are trying to contact U Todays draw shows that you have won a £800 prize GUARANTEED. Call 09050000460 from land line. Claim J89. po box245c2150pm,1,spam
336,"I just lov this line: ""Hurt me with the truth, I don't mind,i wil tolerat.bcs ur my someone..... But, Never comfort me with a lie"" gud ni8 and sweet dreams",0,ham
337,Am surfing online store. For offers do you want to buy any thing.,0,ham
338,I think i've fixed it can you send a test message?,0,ham
339,She told to hr that he want posting in chennai:)because i'm working here:),0,ham
340,"Haha yeah, 2 oz is kind of a shitload",0,ham
341,Well i know Z will take care of me. So no worries.,0,ham
342,Dunno i juz askin cos i got a card got 20% off 4 a salon called hair sense so i tot it's da one ü cut ur hair. ,0,ham
343,She's good. How are you. Where r u working now,0,ham
344,u r a winner U ave been specially selected 2 receive £1000 cash or a 4* holiday (flights inc) speak to a live operator 2 claim 0871277810710p/min (18 ),1,spam
345,"That's cool he'll be here all night, lemme know when you're around",0,ham
346,How much r ü willing to pay?,0,ham
347,Ü give me some time to walk there.,0,ham
348,"When you just put in the + sign, choose my number and the pin will show. Right?",0,ham
349,Give one miss from that number please,0,ham
350,Where r e meeting tmr?,0,ham
351,Lol I know! They're so dramatic. Schools already closed for tomorrow. Apparently we can't drive in the inch of snow were supposed to get.,0,ham
352,If i not meeting ü all rite then i'll go home lor. If ü dun feel like comin it's ok.,0,ham
353,Sounds like a plan! Cardiff is still here and still cold! I'm sitting on the radiator!,0,ham
354,I not at home now lei...,0,ham
355,great princess! I love giving and receiving oral. Doggy style is my fave position. How about you? I enjoy making love  &lt;#&gt;  times per night :),0,ham
356,When should I come over?,0,ham
357,"""HELLO U.CALL WEN U FINISH WRK.I FANCY MEETIN UP WIV U ALL TONITE AS I NEED A BREAK FROM DABOOKS. DID 4 HRS LAST NITE+2 TODAY OF WRK!""",0,ham
358,Camera - You are awarded a SiPix Digital Camera! call 09061221066 fromm landline. Delivery within 28 days.,1,spam
359,I walked an hour 2 c u! doesnt that show I care y wont u believe im serious?,0,ham
360,So are you guys asking that i get that slippers again or its gone with last year,0,ham
361,Still work going on:)it is very small house.,0,ham
362,Dad went out oredi... ,0,ham
363,I love u 2 my little pocy bell I am sorry but I love u,0,ham
364,"I hav almost reached. Call, i m unable to connect u.",0,ham
365,Nice.nice.how is it working?,0,ham
366,This is ur face test ( 1 2 3 4 5 6 7 8 9  &lt;#&gt;  ) select any number i will tell ur face astrology.... am waiting. quick reply...,0,ham
367,Stop knowing me so well!,0,ham
368,Refused a loan? Secured or Unsecured? Can't get credit? Call free now 0800 195 6669 or text back 'help' & we will!,1,spam
369,And of course you should make a stink!,0,ham
370,He says he'll give me a call when his friend's got the money but that he's definitely buying before the end of the week,0,ham
371,Wow so healthy. Old airport rd lor. Cant thk of anything else. But i'll b bathing my dog later.,0,ham
372,PRIVATE! Your 2003 Account Statement for 07753741225 shows 800 un-redeemed S. I. M. points. Call 08715203677 Identifier Code: 42478 Expires 24/10/04,1,spam
373,"Sorry, got a late start, we're on the way",0,ham
374,Great escape. I fancy the bridge but needs her lager. See you tomo ,0,ham
375,Where is it. Is there any opening for mca.,0,ham
376,Ya even those cookies have jelly on them,0,ham
377,"I know you are thinkin malaria. But relax, children cant handle malaria. She would have been worse and its gastroenteritis. If she takes enough to replace her loss her temp will reduce. And if you give her malaria meds now she will just vomit. Its a self limiting illness she has which means in a few days it will completely stop",0,ham
378,"Set a place for me in your heart and not in your mind, as the mind easily forgets but the heart will always remember. Wish you Happy Valentines Day!",0,ham
379,Yeh. Indians was nice. Tho it did kane me off a bit he he. We shud go out 4 a drink sometime soon. Mite hav 2 go 2 da works 4 a laugh soon. Love Pete x x,0,ham
380,"Hi , where are you? We're at  and they're not keen to go out i kind of am but feel i shouldn't so can we go out tomo, don't mind do you?",0,ham
381,You have been specially selected to receive a 2000 pound award! Call 08712402050 BEFORE the lines close. Cost 10ppm. 16+. T&Cs apply. AG Promo,1,spam
382,"Ok omw now, you at castor?",0,ham
383,Any pain on urination any thing else?,0,ham
384,Thanks honey. Have a great day.,0,ham
385,"Alright, we're all set here, text the man",0,ham
386,Hey i will be late ah... Meet you at 945+,0,ham
387,U are subscribed to the best Mobile Content Service in the UK for £3 per ten days until you send STOP to 83435. Helpline 08706091795.,1,spam
388,He's in lag. That's just the sad part but we keep in touch thanks to skype,0,ham
389,Yup i thk they r e teacher said that will make my face look longer. Darren ask me not 2 cut too short.,0,ham
390,;-) ok. I feel like john lennon.,0,ham
391,At what time are you coming.,0,ham
392,I see a cup of coffee animation,0,ham
393,Aight do you still want to get money,0,ham
394,G.W.R,0,ham
395,Hey!!! I almost forgot ... Happy B-day babe ! I love ya!!,0,ham
396,I'm working technical support :)voice process.networking field.,0,ham
397,"K, want us to come by now?",0,ham
398,"Congrats! 1 year special cinema pass for 2 is yours. call 09061209465 now! C Suprman V, Matrix3, StarWars3, etc all 4 FREE! bx420-ip4-5we. 150pm. Dont miss out! ",1,spam
399,:-( that's not v romantic!,0,ham
400,"Hey, iouri gave me your number, I'm wylie, ryan's friend",0,ham
401,MY NO. IN LUTON 0125698789 RING ME IF UR AROUND! H*,0,ham
402,"Yeah I think my usual guy's still passed out from last night, if you get ahold of anybody let me know and I'll throw down",0,ham
403,Meanwhile in the shit suite: xavier decided to give us  &lt;#&gt;  seconds of warning that samantha was coming over and is playing jay's guitar to impress her or some shit. Also I don't think doug realizes I don't live here anymore,0,ham
404,Moby Pub Quiz.Win a £100 High Street prize if u know who the new Duchess of Cornwall will be? Txt her first name to 82277.unsub STOP £1.50 008704050406 SP Arrow,1,spam
405,Come to my home for one last time i wont do anything. Trust me.,0,ham
406,Dear where you. Call me,0,ham
407,Get your garden ready for summer with a FREE selection of summer bulbs and seeds worth £33:50 only with The Scotsman this Saturday. To stop go2 notxt.co.uk,1,spam
408,Too late. I said i have the website. I didn't i have or dont have the slippers,0,ham
409,"No shit, but I wasn't that surprised, so I went and spent the evening with that french guy I met in town here and we fooled around a bit but I didn't let him fuck me",0,ham
410,Wait.i will come out.. &lt;#&gt;  min:),0,ham
411,"TheMob>Hit the link to get a premium Pink Panther game, the new no. 1 from Sugababes, a crazy Zebra animation or a badass Hoody wallpaper-all 4 FREE!",1,spam
412,"Haha, my friend tyler literally just asked if you could get him a dubsack",0,ham
413,"Indians r poor but India is not a poor country. Says one of the swiss bank directors. He says that "" &lt;#&gt;  lac crore"" of Indian money is deposited in swiss banks which can be used for 'taxless' budget for  &lt;#&gt;  yrs. Can give  &lt;#&gt;  crore jobs to all Indians. From any village to Delhi 4 lane roads. Forever free power suply to more than  &lt;#&gt;  social projects. Every citizen can get monthly  &lt;#&gt; /- for  &lt;#&gt;  yrs. No need of World Bank &amp; IMF loan. Think how our money is blocked by rich politicians. We have full rights against corrupt politicians. Itna forward karo ki pura INDIA padhe.g.m.""",0,ham
414,I'm leaving my house now.,0,ham
415,We live in the next  &lt;#&gt; mins,0,ham
416,Pls speak to that customer machan.,0,ham
417,Sunshine Quiz Wkly Q! Win a top Sony DVD player if u know which country Liverpool played in mid week? Txt ansr to 82277. £1.50 SP:Tyrone,1,spam
418,Should I head straight there or what,0,ham
419,Lol yes. Our friendship is hanging on a thread cause u won't buy stuff.,0,ham
420,Not..tel software name..,0,ham
421,Id onluy matters when getting on from offcampus,0,ham
422,Okay... I booked all already... Including the one at bugis.,0,ham
423,Dear how is chechi. Did you talk to her,0,ham
424,In the end she might still vomit but its okay. Not everything will come out.,0,ham
425,BABE !!! I miiiiiiissssssssss you ! I need you !!! I crave you !!! :-( ... Geeee ... I'm so sad without you babe ... I love you ...,0,ham
426,Oh Howda gud gud.. Mathe en samachara chikku:-),0,ham
427,Free 1st week entry 2 TEXTPOD 4 a chance 2 win 40GB iPod or £250 cash every wk. Txt VPOD to 81303 Ts&Cs www.textpod.net custcare 08712405020.,1,spam
428,U 2.,0,ham
429,"Daddy, shu shu is looking 4 u... U wan me 2 tell him u're not in singapore or wat?",0,ham
430,PISS IS TALKING IS SOMEONE THAT REALISE U THAT POINT THIS AT IS IT.(NOW READ IT BACKWARDS),0,ham
431,How much would it cost to hire a hitman,0,ham
432,Just got up. have to be out of the room very soon. …. i hadn't put the clocks back til at 8 i shouted at everyone to get up and then realised it was 7. wahay. another hour in bed.,0,ham
433,"Best msg: It's hard to be with a person, when u know that one more step foward will make u fall in love.. &amp; One step back can ruin ur friendship.. good night:-) ...",0,ham
434,No break time one... How... I come out n get my stuff fr ü?,0,ham
435,"""Pete can you please ring meive hardly gotany credit""",0,ham
436,"Idk. You keep saying that you're not, but since he moved, we keep butting heads over freedom vs. responsibility. And i'm tired. I have so much other shit to deal with that i'm barely keeping myself together once this gets added to it.",0,ham
437,Wat time ü wan today?,0,ham
438,Kind of. Took it to garage. Centre part of exhaust needs replacing. Part ordered n taking it to be fixed tomo morning.,0,ham
439,"Oh yes, why is it like torture watching england?",0,ham
440,Ü neva tell me how i noe... I'm not at home in da aft wat... ,0,ham
441,Do you know what Mallika Sherawat did yesterday? Find out now @  &lt;URL&gt;,0,ham
442,"Spook up your mob with a Halloween collection of a logo & pic message plus a free eerie tone, txt CARD SPOOK to 8007 zed 08701417012150p per logo/pic",1,spam
443,Check audrey's status right now,0,ham
444,Ya just telling abt tht incident..,0,ham
445,Do ü all wan 2 meet up n combine all the parts? How's da rest of da project going?,0,ham
446,No da. . Vijay going to talk in jaya tv,0,ham
447,Yes:)from last week itself i'm taking live call.,0,ham
448,No prob. I will send to your email.,0,ham
449,"Cool breeze... Bright sun... Fresh flower... Twittering birds... All these waiting to wish u: ""GOODMORNING &amp; HAVE A NICE DAY"" :)",0,ham
450,Well I wasn't available as I washob nobbing with last night so they had to ask Nickey Platt instead of me!;,0,ham
451,Hi. Hope you had a good day. Have a better night.,0,ham
452,Our records indicate u maybe entitled to 5000 pounds in compensation for the Accident you had. To claim 4 free reply with CLAIM to this msg. 2 stop txt STOP,1,spam
453,Well I'm going to be an aunty!,0,ham
454,Ok... But they said i've got wisdom teeth hidden inside n mayb need 2 remove.,0,ham
455,Da my birthdate in certificate is in april but real date is today. But dont publish it. I shall give you a special treat if you keep the secret. Any way thanks for the wishes,0,ham
456,Cold. Dont be sad dear,0,ham
457,Ü dun need to pick ur gf?,0,ham
458,I can do that! I want to please you both inside and outside the bedroom...,0,ham
459,U come n search tat vid..not finishd..,0,ham
460,Macha dont feel upset.i can assume your mindset.believe me one evening with me and i have some wonderful plans for both of us.LET LIFE BEGIN AGAIN.call me anytime,0,ham
461,"Japanese Proverb: If one Can do it, U too Can do it, If none Can do it,U must do it Indian version: If one Can do it, LET HIM DO it.. If none Can do it,LEAVE it!! And finally Kerala version: If one can do it, Stop him doing it.. If none can do it, Make a strike against it ...",0,ham
462,FREE for 1st week! No1 Nokia tone 4 ur mob every week just txt NOKIA to 8007 Get txting and tell ur mates www.getzed.co.uk POBox 36504 W45WQ norm150p/tone 16+,1,spam
463,Thank you princess! You are so sexy...,0,ham
464,how are you? I miss you!,0,ham
465,Well boy am I glad G wasted all night at applebees for nothing,0,ham
466,Wat so late still early mah. Or we juz go 4 dinner lor. Aiya i dunno...,0,ham
467,"Babe, I'm back ... Come back to me ...",0,ham
468,"""NOT ENUFCREDEIT TOCALL.SHALL ILEAVE UNI AT 6 +GET A BUS TO YOR HOUSE?""",0,ham
469,Can help u swoop by picking u up from wherever ur other birds r meeting if u want.,0,ham
470,I send the print  outs da.,0,ham
471,They r giving a second chance to rahul dengra.,0,ham
472,Lol now I'm after that hot air balloon!,0,ham
473,Good morning. At the repair shop--the ONLY reason i'm up at this hour.,0,ham
474,"Last Chance! Claim ur £150 worth of discount vouchers today! Text SHOP to 85023 now! SavaMob, offers mobile! T Cs SavaMob POBOX84, M263UZ. £3.00 Sub. 16",1,spam
475,"Sppok up ur mob with a Halloween collection of nokia logo&pic message plus a FREE eerie tone, txt CARD SPOOK to 8007",1,spam
476,"Didn't try, g and I decided not to head out",0,ham
477,Jesus christ bitch I'm trying to give you drugs answer your fucking phone,0,ham
478,Ok lor... Or u wan me go look 4 u?,0,ham
479,Dude im no longer a pisces. Im an aquarius now.,0,ham
480,"Sorry im getting up now, feel really bad- totally rejected that kinda me thing.",0,ham
481,Oh ok.. Wat's ur email?,0,ham
482,Hi i won't b ard 4 christmas. But do enjoy n merry x'mas.,0,ham
483,"I think I‘m waiting for the same bus! Inform me when you get there, if you ever get there.",0,ham
484,Yup... Ok i go home look at the timings then i msg ü again... Xuhui going to learn on 2nd may too but her lesson is at 8am,0,ham
485,Cheers for the card ... Is it that time of year already?,0,ham
486,"Thanx 4 the time weve spent 2geva, its bin mint! Ur my Baby and all I want is u!xxxx",0,ham
487,I know but you need to get hotel now. I just got my invitation but i had to apologise. Cali is to sweet for me to come to some english bloke's weddin,0,ham
488,Should i buy him a blackberry bold 2 or torch. Should i buy him new or used. Let me know. Plus are you saying i should buy the  &lt;#&gt; g wifi ipad. And what are you saying about the about the  &lt;#&gt; g?,0,ham
489,YOU ARE CHOSEN TO RECEIVE A £350 AWARD! Pls call claim number 09066364311 to collect your award which you are selected to receive as a valued mobile customer.,1,spam
490,"Haha awesome, be there in a minute",0,ham
491,At home also.,0,ham
492,Allo! We have braved the buses and taken on the trains and triumphed. I mean we‘re in b‘ham. Have a jolly good rest of week,0,ham
493,Another month. I need chocolate weed and alcohol.,0,ham
494,Dont forget you can place as many FREE Requests with 1stchoice.co.uk as you wish. For more Information call 08707808226.,1,spam
495,Aww that's the first time u said u missed me without asking if I missed u first. You DO love me! :),0,ham
496,Aiyo a bit pai seh ü noe... Scared he dun rem who i am then die... Hee... But he become better lookin oredi leh...,0,ham
497,You have won a Nokia 7250i. This is what you get when you win our FREE auction. To take part send Nokia to 86021 now. HG/Suite342/2Lands Row/W1JHL 16+,1,spam
498,"The guy at the car shop who was flirting with me got my phone number from the paperwork and called and texted me. I'm nervous because of course now he may have my address. Should i call his boss and tell him, knowing this may get him fired?",0,ham
499,Thanx u darlin!im cool thanx. A few bday drinks 2 nite. 2morrow off! Take care c u soon.xxx,0,ham
500,Yeah my usual guy's out of town but there're definitely people around I know,0,ham
501,Omg it could snow here tonite!,0,ham
502,In which place i can get rooms cheap:-),0,ham
503,This message is brought to you by GMW Ltd. and is not connected to the,1,spam
504,Yeah but which is worse for i,0,ham
505,Don't look back at the building because you have no coat and i don't want you to get more sick. Just hurry home and wear a coat to the gym!!!,0,ham
506,Then why you came to hostel.,0,ham
507,Hi Harish's rent has been transfred to ur Acnt.,0,ham
508,"I know where the  &lt;#&gt;  is, I'll be there around 5",0,ham
509,How come guoyang go n tell her? Then u told her?,0,ham
510,Nah dub but je still buff,0,ham
511,Update_Now - 12Mths Half Price Orange line rental: 400mins...Call MobileUpd8 on 08000839402 or call2optout=J5Q,1,spam
512,Do u knw dis no. &lt;#&gt; ?,0,ham
513,I am going to sao mu today. Will be done only at 12 ,0,ham
514,I dont thnk its a wrong calling between us,0,ham
515,University of southern california.,0,ham
516,I'm not sure if its still available though,0,ham
517,I donno its in your genes or something,0,ham
518,It's ok i wun b angry. Msg u aft i come home tonight.,0,ham
519,Sorry de i went to shop.,0,ham
520,No no. I will check all rooms befor activities,0,ham
521,Yo do you know anyone  &lt;#&gt;  or otherwise able to buy liquor? Our guy flaked and right now if we don't get a hold of somebody its just 4 loko all night,0,ham
522,U can call now...,0,ham
523,Amazing : If you rearrange these letters it gives the same meaning... Dormitory = Dirty room Astronomer = Moon starer The eyes = They see Election results = Lies lets recount Mother-in-law = Woman Hitler Eleven plus two =Twelve plus one Its Amazing... !:-),0,ham
524,Who u talking about?,0,ham
525,Ok lor then we go tog lor...,0,ham
526,Want 2 get laid tonight? Want real Dogging locations sent direct 2 ur mob? Join the UK's largest Dogging Network bt Txting GRAVEL to 69888! Nt. ec2a. 31p.msg@150p,1,spam
527,U sure u can't take any sick time?,0,ham
528,Sure but since my parents will be working on Tuesday I don't really need a cover story,0,ham
529,"How is my boy? No sweet words left for me this morning ... *sighs* ... How goes you day, my love ? Did you start your studying?",0,ham
530,A £400 XMAS REWARD IS WAITING FOR YOU! Our computer has randomly picked you from our loyal mobile customers to receive a £400 reward. Just call 09066380611 ,1,spam
531,We not watching movie already. Xy wants 2 shop so i'm shopping w her now.,0,ham
532,I'm really not up to it still tonight babe,0,ham
533,10 min later k...,0,ham
534,Dun b sad.. It's over.. Dun thk abt it already. Concentrate on ur other papers k.,0,ham
535,Tell them no need to investigate about me anywhere.,0,ham
536,Dear i am not denying your words please,0,ham
537,As one of our registered subscribers u can enter the draw 4 a 100 G.B. gift voucher by replying with ENTER. To unsubscribe text STOP,1,spam
538,I.ll hand her my phone to chat wit u,0,ham
539,Ü log off 4 wat. It's sdryb8i,0,ham
540,I wish that I was with you. Holding you tightly. Making you see how important you are. How much you mean to me ... How much I need you ... In my life ...,0,ham
541,You are a winner you have been specially selected to receive £1000 cash or a £2000 award. Speak to a live operator to claim call 087147123779am-7pm. Cost 10p,1,spam
542,Erm. I thought the contract ran out the4th of october.,0,ham
543,Dunno lei... I might b eatin wif my frens... If ü wan to eat then i wait 4 ü lar,0,ham
544,This is the 2nd time we have tried to contact u. U have won the £1450 prize to claim just call 09053750005 b4 310303. T&Cs/stop SMS 08718725756. 140ppm,1,spam
545,Happy birthday to you....dear.with lots of love.rakhesh NRI,0,ham
546,I'm hungry buy smth home...,0,ham
547,Happy New Year Princess!,0,ham
548,Can ü all decide faster cos my sis going home liao..,0,ham
549,"V-aluable. A-ffectionate. L-oveable. E-ternal. N-oble. T-ruthful. I-ntimate. N-atural. E-namous. Happy ""VALENTINES DAY"" in advance",0,ham
550,Can u get pic msgs to your phone?,0,ham
551,I am on the way to ur home,0,ham
552,Hey what's up charles sorry about the late reply.,0,ham
553,K.k.this month kotees birthday know?,0,ham
554,"Sorry that took so long, omw now",0,ham
555,I dont have i shall buy one dear,0,ham
556,PRIVATE! Your 2004 Account Statement for 078498****7 shows 786 unredeemed Bonus Points. To claim call 08719180219 Identifier Code: 45239 Expires 06.05.05,1,spam
557,Just forced myself to eat a slice. I'm really not hungry tho. This sucks. Mark is getting worried. He knows I'm sick when I turn down pizza. Lol,0,ham
558,Its ok my arm is feeling weak cuz i got a shot so we can go another time,0,ham
559,Juz go google n search 4 qet...,0,ham
560,Are you still playing with gautham?,0,ham
561,Congrats! Nokia 3650 video camera phone is your Call 09066382422 Calls cost 150ppm Ave call 3mins vary from mobiles 16+ Close 300603 post BCM4284 Ldn WC1N3XX,1,spam
562,Do u ever get a song stuck in your head for no reason and it won't go away til u listen to it like 5 times?,0,ham
563,"accordingly. I repeat, just text the word ok on your mobile phone and send",1,spam
564,Who's there say hi to our drugdealer,0,ham
565,What to think no one saying clearly. Ok leave no need to ask her. I will go if she come or not,0,ham
566,OK i'm waliking ard now... Do u wan me 2 buy anything go ur house?,0,ham
567,"Thanks for your ringtone order, ref number K718. Your mobile will be charged £4.50. Should your tone not arrive please call customer services on 09065069120",1,spam
568,"Did you hear about the new ""Divorce Barbie""? It comes with all of Ken's stuff!",1,spam
569,"Wait, do you know if wesleys in town? I bet she does hella drugs!",0,ham
570,If india win or level series means this is record:),0,ham
571,Pansy! You've been living in a jungle for two years! Its my driving you should be more worried about!,0,ham
572,Anything is valuable in only 2 situations: First- Before getting it... Second- After loosing it...,0,ham
573,Want to send me a virtual hug?... I need one,0,ham
574,Yesterday its with me only . Now am going home.,0,ham
575,No got new job at bar in airport on satsgettin 4.47per hour but means no lie in! keep in touch,0,ham
576,tap & spile at seven. * Is that pub on gas st off broad st by canal. Ok?,0,ham
577,"Ah, well that confuses things, doesnt it? I thought was friends with now. Maybe i did the wrong thing but i already sort of invited -tho he may not come cos of money.",0,ham
578,Happy new year. Hope you are having a good semester,0,ham
579,"Had your mobile 10 mths? Update to the latest Camera/Video phones for FREE. KEEP UR SAME NUMBER, Get extra free mins/texts. Text YES for a call",1,spam
580,HIYA STU WOT U UP 2.IM IN SO MUCH TRUBLE AT HOME AT MOMENT EVONE HATES ME EVEN U! WOT THE HELL AV I DONE NOW? Y WONT U JUST TELL ME TEXT BCK PLEASE LUV DAN ,0,ham
581,I know! Grumpy old people. My mom was like you better not be lying. Then again I am always the one to play jokes...,0,ham
582,Just sent it. So what type of food do you like?,0,ham
583,"Its good, we'll find a way",0,ham
584,I am in escape theatre now. . Going to watch KAVALAN in a few minutes,0,ham
585,"sorry brah, just finished the last of my exams, what up",0,ham
586,"Sir, hope your day is going smoothly. i really hoped i wont have to bother you about this. I have some bills that i can't settle this month. I am out of all extra cash. I know this is a challenging time for you also but i have to let you know.",0,ham
587,"A swt thought: ""Nver get tired of doing little things 4 lovable persons.."" Coz..somtimes those little things occupy d biggest part in their Hearts.. Gud ni8",0,ham
588,Maybe i could get book out tomo then return it immediately ..? Or something.,0,ham
589,thanks for the temales it was wonderful. Thank. Have a great week.,0,ham
590,"Short But Cute: ""Be a good person, but dont try to prove it.."" .Gud noon....",0,ham
591,God bless.get good sleep my dear...i will pray!,0,ham
592,I'll meet you in the lobby,0,ham
593,"Ola would get back to you maybe not today but I ve told him you can be his direct link in the US in getting cars he bids for online, you arrange shipping and you get a cut. Or U????? For a partnership where U????? Invest money for shipping and he takes care of the rest!U??Wud b self reliant soon dnt worry",0,ham
594,Yes. They replied my mail. I'm going to the management office later. Plus will in to bank later also.or on wednesday.,0,ham
595,network operator. The service is free. For T & C's visit 80488.biz,1,spam
596,… and don‘t worry we‘ll have finished by march … ish!,0,ham
597,I am in hospital da. . I will return home in evening,0,ham
598,No pic. Please re-send.,0,ham
599,Yes princess! I want to catch you with my big strong hands...,0,ham
600,URGENT! We are trying to contact U. Todays draw shows that you have won a £800 prize GUARANTEED. Call 09050001295 from land line. Claim A21. Valid 12hrs only,1,spam
601,"Spoke with uncle john today. He strongly feels that you need to sacrifice to keep me here. He's going to call you. When he does, i beg you to just listen. Dont make any promises or make it clear things are not easy. And i need you to please let us work things out. As long as i keep expecting help, my creativity will be stifled so pls just keep him happy, no promises on your part.",0,ham
602,"I have 2 sleeping bags, 1 blanket and paper and  phone details. Anything else?",0,ham
603,K..k:)how much does it cost?,0,ham
604,Lol ... I really need to remember to eat when I'm drinking but I do appreciate you keeping me company that night babe *smiles*,0,ham
605,And several to you sir.,0,ham
606,Ü thk of wat to eat tonight.,0,ham
607,Probably money worries. Things are coming due and i have several outstanding invoices for work i did two and three months ago.,0,ham
608,Auntie huai juan never pick up her phone,0,ham
609,That day you asked about anand number. Why:-),0,ham
610,S.i'm watching it in live..,0,ham
611,I enjoy watching and playing football and basketball. Anything outdoors. And you?,0,ham
612,I love u 2 babe! R u sure everything is alrite. Is he being an idiot? Txt bak girlie,0,ham
613,Then ü ask dad to pick ü up lar... Ü wan 2 stay until 6 meh...,0,ham
614,No..but heard abt tat..,0,ham
615,Then its most likely called Mittelschmertz. Google it. If you dont have paracetamol dont worry it will go.,0,ham
616,Guess what! Somebody you know secretly fancies you! Wanna find out who it is? Give us a call on 09065394514 From Landline DATEBox1282EssexCM61XN 150p/min 18,1,spam
617,It didnt work again oh. Ok goodnight then. I.ll fix and have it ready by the time you wake up. You are very dearly missed have a good night sleep.,0,ham
618,PRIVATE! Your 2003 Account Statement for shows 800 un-redeemed S.I.M. points. Call 08718738001 Identifier Code: 49557 Expires 26/11/04,1,spam
619,K actually can you guys meet me at the sunoco on howard? It should be right on the way,0,ham
620,I see the letter B on my car,0,ham
621,Yeah I can still give you a ride,0,ham
622,"Doing nothing, then u not having dinner w us?",0,ham
623,Nope. I just forgot. Will show next week,0,ham
624,"Theoretically yeah, he could be able to come",0,ham
625,I said its okay. Sorry,0,ham
626,I pocked you up there before,0,ham
627,I only haf msn. It's yijue@hotmail.com,0,ham
628,Hello which the site to download songs its urgent pls,0,ham
629,I had askd u a question some hours before. Its answer,0,ham
630,Im good! I have been thinking about you...,0,ham
631,Your unique user ID is 1172. For removal send STOP to 87239 customer services 08708034412,1,spam
632,Whatsup there. Dont u want to sleep,0,ham
633,I'm coming home 4 dinner.,0,ham
634,Many more happy returns of the day. I wish you happy birthday.,0,ham
635,Ok...,0,ham
636,Do you think i can move  &lt;#&gt;  in a week,0,ham
637,I had it already..sabarish asked me to go..,0,ham
638,Got c... I lazy to type... I forgot ü in lect... I saw a pouch but like not v nice...,0,ham
639,"Urgent Urgent! We have 800 FREE flights to Europe to give away, call B4 10th Sept & take a friend 4 FREE. Call now to claim on 09050000555. BA128NNFWFLY150ppm",1,spam
640,"Depends on quality. If you want the type i sent boye, faded glory, then about 6. If you want ralphs maybe 2",0,ham
641,Hi dear we saw dear. We both are happy. Where you my battery is low,0,ham
642,We don call like  &lt;#&gt;  times oh. No give us hypertension oh.,0,ham
643,Get a brand new mobile phone by being an agent of The Mob! Plus loads more goodies! For more info just text MAT to 87021.,1,spam
644,"Did I forget to tell you ? I want you , I need you, I crave you ... But most of all ... I love you my sweet Arabian steed ... Mmmmmm ... Yummy",0,ham
645,"Had the money issue weigh me down but thanks to you, I can breathe easier now. I.ll make sure you dont regret it. Thanks.",0,ham
646,You flippin your shit yet?,0,ham
647,IM GONNAMISSU SO MUCH!!I WOULD SAY IL SEND U A POSTCARD BUTTHERES ABOUTAS MUCH CHANCE OF MEREMEMBERIN ASTHERE IS OFSI NOT BREAKIN HIS CONTRACT!! LUV Yaxx,0,ham
648,FROM 88066 LOST £12 HELP,1,spam
649,Our Prasanth ettans mother passed away last night. Just pray for her and family.,0,ham
650,"Well, I was about to give up cos they all said no they didn‘t do one nighters. I persevered and found one but it is very cheap so i apologise in advance. It is just somewhere to sleep isnt it?",0,ham
651,Huh y lei...,0,ham
652,i am seeking a lady in the street and a freak in the sheets. Is that you?,0,ham
653,Hi! You just spoke to MANEESHA V. We'd like to know if you were satisfied with the experience. Reply Toll Free with Yes or No.,0,ham
654,"Bored of speed dating? Try SPEEDCHAT, txt SPEEDCHAT to 80155, if you don't like em txt SWAP and get a new chatter! Chat80155 POBox36504W45WQ 150p/msg rcd 16",1,spam
655,"Sorry battery died, yeah I'm here",0,ham
656,When is school starting. Where will you stay. What's the weather like. And the food. Do you have a social support system like friends in the school. All these things are important.,0,ham
657,"Save yourself the stress. If the person has a dorm account, just send your account details and the money will be sent to you.",0,ham
658,It means u could not keep ur words.,0,ham
659,"Y cant u try new invention to fly..i'm not joking.,",0,ham
660,Busy here. Trying to finish for new year. I am looking forward to finally meeting you...,0,ham
661,"Ugh y can't u just apologize, admit u were wrong and ask me to take u back?",0,ham
662,"SMS. ac JSco: Energy is high, but u may not know where 2channel it. 2day ur leadership skills r strong. Psychic? Reply ANS w/question. End? Reply END JSCO",1,spam
663,Hi msg me:)i'm in office..,0,ham
664,I want snow. It's just freezing and windy.,0,ham
665,Alex says he's not ok with you not being ok with it,0,ham
666,"Just wondering, the others just took off",0,ham
667,"""CAN I PLEASE COME UP NOW IMIN TOWN.DONTMATTER IF URGOIN OUTL8R,JUST REALLYNEED 2DOCD.PLEASE DONTPLEASE DONTIGNORE MYCALLS,U NO THECD ISV.IMPORTANT TOME 4 2MORO""",0,ham
668,Oh:)as usual vijay film or its different?,0,ham
669,"Yo, call me when you get the chance, a friend of mine wanted me to ask you about a big order",0,ham
670,Lmao but its so fun...,0,ham
671,This girl does not stay in bed. This girl doesn't need recovery time. Id rather pass out while having fun then be cooped up in bed,0,ham
672,"Thanks da thangam, i feel very very happy dear. I also miss you da.",0,ham
673,Is avatar supposed to have subtoitles,0,ham
674,"Happy new year to u and ur family...may this new year bring happiness , stability and tranquility to ur vibrant colourful life:):)",0,ham
675,I'm gonna say no. Sorry. I would but as normal am starting to panic about time. Sorry again! Are you seeing on Tuesday?,0,ham
676,"Hmm... Dunno leh, mayb a bag 4 goigng out dat is not too small. Or jus anything except perfume, smth dat i can keep.",0,ham
677,Ok i will tell her to stay out. Yeah its been tough but we are optimistic things will improve this month.,0,ham
678,Mum not going robinson already.,0,ham
679,Yes. I come to nyc for audiitions and am trying to relocate.,0,ham
680,Congratulations ur awarded 500 of CD vouchers or 125gift guaranteed & Free entry 2 100 wkly draw txt MUSIC to 87066,1,spam
681,Ultimately tor motive tui achieve korli.,0,ham
682,Hui xin is in da lib.,0,ham
683,ROMCAPspam Everyone around should be responding well to your presence since you are so warm and outgoing. You are bringing in a real breath of sunshine.,1,spam
684,Yes :)it completely in out of form:)clark also utter waste.,0,ham
685,My sort code is  and acc no is . The bank is natwest. Can you reply to confirm i've sent this to the right person!,0,ham
686,So can collect ur laptop?,0,ham
687,Done it but internet connection v slow and can‘t send it. Will try again later or first thing tomo.,0,ham
688,Reading gud habit.. Nan bari hudgi yorge pataistha ertini kano:-),0,ham
689,"Haha awesome, I might need to take you up on that, what you doin tonight?",0,ham
690,Mm umma ask vava also to come tell him can play later together,0,ham
691,R we going with the  &lt;#&gt;  bus?,0,ham
692,Then she dun believe wat?,0,ham
693,They finally came to fix the ceiling.,0,ham
694,U 447801259231 have a secret admirer who is looking 2 make contact with U-find out who they R*reveal who thinks UR so special-call on 09058094597,1,spam
695,I didn't get the second half of that message,0,ham
696,I plane to give on this month end.,0,ham
697,"I can't right this second, gotta hit people up first",0,ham
698,If I was I wasn't paying attention,0,ham
699,Babe ? I lost you ... Will you try rebooting ?,0,ham
700,"I am in tirupur da, once you started from office call me.",0,ham
701,It so happens that there r 2waxsto do wat you want. She can come and ill get her medical insurance. And she'll be able to deliver and have basic care. I'm currently shopping for the right medical insurance for her. So just give me til friday morning. Thats when i.ll see the major person that can guide me to the right insurance.,0,ham
702,I'm doing da intro covers energy trends n pros n cons... Brief description of nuclear fusion n oso brief history of iter n jet got abt 7 n half pages..,0,ham
703,I'm in chennai velachery:),0,ham
704,I have many dependents,0,ham
705,8007 FREE for 1st week! No1 Nokia tone 4 ur mob every week just txt NOKIA to 8007 Get txting and tell ur mates www.getzed.co.uk POBox 36504 W4 5WQ norm 150p/tone 16+,1,spam
706,RT-KIng Pro Video Club>> Need help? info@ringtoneking.co.uk or call 08701237397 You must be 16+ Club credits redeemable at www.ringtoneking.co.uk! Enjoy!,1,spam
707,Dai i downloaded but there is only exe file which i can only run that exe after installing.,0,ham
708,"Sorry pa, i dont knw who ru pa?",0,ham
709,Oh yeah! And my diet just flew out the window,0,ham
710,Ard 6 like dat lor.,0,ham
711,When are you guys leaving?,0,ham
712,"""Im on gloucesterroad what are uup to later?""",0,ham
713,Oic... Then better quickly go bathe n settle down...,0,ham
714,So ü pay first lar... Then when is da stock comin...,0,ham
715,Want the latest Video handset? 750 anytime any network mins? Half price line rental? Reply or call 08000930705 for delivery tomorrow,1,spam
716,Think + da. You wil do.,0,ham
717,"Do you ever notice that when you're driving, anyone going slower than you is an idiot and everyone driving faster than you is a maniac?",1,spam
718,Love it! Daddy will make you scream with pleasure! I am going to slap your ass with my dick!,0,ham
719,Panasonic & BluetoothHdset FREE. Nokia FREE. Motorola FREE & DoubleMins & DoubleTxt on Orange contract. Call MobileUpd8 on 08000839402 or call 2optout,1,spam
720,I know I'm lacking on most of this particular dramastorm's details but for the most part I'm not worried about that,0,ham
721,Moji just informed me that you saved our lives. Thanks.,0,ham
722,I will be gentle princess! We will make sweet gentle love...,0,ham
723,"Me, i dont know again oh",0,ham
724,"Hiya, sorry didn't hav signal. I haven't seen or heard from and neither has, which is unusual in itself! I'll put on the case and get him to sort it out! Hugs and snogs.",0,ham
725,I'm in town now so i'll jus take mrt down later.,0,ham
726,"Come to mu, we're sorting out our narcotics situation",0,ham
727,"ou are guaranteed the latest Nokia Phone, a 40GB iPod MP3 player or a £500 prize! Txt word: COLLECT to No: 83355! IBHltd LdnW15H 150p/Mtmsgrcvd18",1,spam
728,"Get the door, I'm here",0,ham
729,"Sure, I'll see if I can come by in a bit",0,ham
730,Also that chat was awesome but don't make it regular unless you can see her in person,0,ham
731,"Had your contract mobile 11 Mnths? Latest Motorola, Nokia etc. all FREE! Double Mins & Text on Orange tariffs. TEXT YES for callback, no to remove from records.",1,spam
732,This single single answers are we fighting? Plus i said am broke and you didnt reply,0,ham
733,The greatest test of courage on earth is to bear defeat without losing heart....gn tc,0,ham
734,I can take you at like noon,0,ham
735,Am new 2 club & dont fink we met yet Will B gr8 2 C U Please leave msg 2day wiv ur area 09099726553 reply promised CARLIE x Calls£1/minMobsmore LKPOBOX177HP51FL,1,spam
736,Have your lunch and come quickly and open the door:),0,ham
737,Baaaaabe! I misss youuuuu ! Where are you ? I have to go and teach my class at 5 ...,0,ham
738,"URGENT! Last weekend's draw shows that you have won £1000 cash or a Spanish holiday! CALL NOW 09050000332 to claim. T&C: RSTM, SW7 3SS. 150ppm",1,spam
739,URGENT! We are trying to contact U. Todays draw shows that you have won a £2000 prize GUARANTEED. Call 09058094507 from land line. Claim 3030. Valid 12hrs only,1,spam
740,Sorry me going home first... Daddy come fetch ü later...,0,ham
741,Hey happy birthday...,0,ham
742,That's necessarily respectful,0,ham
743,S.s:)i thinl role is like sachin.just standing. Others have to hit.,0,ham
744,Just glad to be talking to you.,0,ham
745,Fine if thats the way u feel. Thats the way its gota b,0,ham
746,Tell me something. Thats okay.,0,ham
747,They did't play one day last year know even though they have very good team.. Like india.,0,ham
748,Dear we got  &lt;#&gt;  dollars hi hi,0,ham
749,All e best 4 ur driving tmr :-),0,ham
750,I asked sen to come chennai and search for job.,0,ham
751,Hi its Kate how is your evening? I hope i can see you tomorrow for a bit but i have to bloody babyjontet! Txt back if u can. :) xxx,0,ham
752,So u gonna get deus ex?,0,ham
753,"In The Simpsons Movie released in July 2007 name the band that died at the start of the film? A-Green Day, B-Blue Day, C-Red Day. (Send A, B or C)",1,spam
754,No just send to you. Bec you in temple na.,0,ham
755,Neva mind it's ok..,0,ham
756,I'm on the bus. Love you,0,ham
757,"I promise to take good care of you, princess. I have to run now. Please send pics when you get a chance. Ttyl!",0,ham
758,"Nothing really, just making sure everybody's up to speed",0,ham
759,How are you. Its been ages. How's abj,0,ham
760,"Sir Goodmorning, Once free call me.",0,ham
761,"House-Maid is the murderer, coz the man was murdered on  &lt;#&gt; th January.. As public holiday all govt.instituitions are closed,including post office..",0,ham
762,"Dont pack what you can buy at any store.like cereals. If you must pack food, pack gari or something 9ja that you will miss.",0,ham
763,Okay but i thought you were the expert,0,ham
764,"Nothing, smsing u n xy lor. Sorry lor da guys neva c u in person but they sort of know u lor. So u wan 2 meet them xy ask me 2 bring u along 4 our next meeting.",0,ham
765,I'm really sorry i won't b able 2 do this friday.hope u can find an alternative.hope yr term's going ok:-),0,ham
766,What's up my own oga. Left my phone at home and just saw ur messages. Hope you are good. Have a great weekend.,0,ham
767,You have to pls make a note of all she.s exposed to. Also find out from her school if anyone else was vomiting. Is there a dog or cat in the house? Let me know later.,0,ham
768,URGENT This is our 2nd attempt to contact U. Your £900 prize from YESTERDAY is still awaiting collection. To claim CALL NOW 09061702893. ACL03530150PM,1,spam
769,aathi..where are you dear..,0,ham
770,"""The world suffers a lot... Not because of the violence of bad people. But because of the silence of good people!"", Gud night....",0,ham
771,Mmmm ... Fuck ... Not fair ! You know my weaknesses ! *grins* *pushes you to your knee's* *exposes my belly and pulls your head to it* Don't forget ... I know yours too *wicked smile*,0,ham
772,Free video camera phones with Half Price line rental for 12 mths and 500 cross ntwk mins 100 txts. Call MobileUpd8 08001950382 or Call2OptOut/674&,1,spam
773,"Velly good, yes please!",0,ham
774,No screaming means shouting..,0,ham
775,Do you know where my lab goggles went,0,ham
776,"Dear Hero,i am leaving to qatar tonite for an apt opportunity.pls do keep in touch at  &lt;EMAIL&gt; ,kerala",0,ham
777,Most of the tiime when i don't let you hug me it's so i don't break into tears.,0,ham
778,U having lunch alone? I now so bored...,0,ham
779,PRIVATE! Your 2003 Account Statement for 07973788240 shows 800 un-redeemed S. I. M. points. Call 08715203649 Identifier Code: 40533 Expires 31/10/04,1,spam
780,Are you in castor? You need to see something,0,ham
781,"We're all getting worried over here, derek and taylor have already assumed the worst",0,ham
782,"Hi, can i please get a  &lt;#&gt;  dollar loan from you. I.ll pay you back by mid february. Pls.",0,ham
783,This pain couldn't have come at a worse time.,0,ham
784,"… we r stayin here an extra week, back next wed. How did we do in the rugby this weekend? Hi to and and , c u soon """,0,ham
785,"URGENT. Important information for 02 user. Today is your lucky day! 2 find out why , log onto http://www.urawinner.com there is a fantastic surprise awaiting you !",1,spam
786,You see the requirements please,0,ham
787,"K, jason says he's gonna be around so I'll be up there around  &lt;#&gt;",0,ham
788,+123 Congratulations - in this week's competition draw u have won the £1450 prize to claim just call 09050002311 b4280703. T&Cs/stop SMS 08718727868. Over 18 only 150ppm,1,spam
789,1Apple/Day=No Doctor. 1Tulsi Leaf/Day=No Cancer. 1Lemon/Day=No Fat. 1Cup Milk/day=No Bone Problms 3 Litres Watr/Day=No Diseases Snd ths 2 Whom U Care..:-),0,ham
790,Yup. Thk of u oso boring wat.,0,ham
791,"I get out of class in bsn in like  &lt;#&gt;  minutes, you know where advising is?",0,ham
792,Morning only i can ok.,0,ham
793,"Aight, I'm chillin in a friend's room so text me when you're on the way",0,ham
794,So why didnt you holla?,0,ham
795,R u saying i should re order the slippers cos i had to pay for returning it.,0,ham
796,"My friend just got here and says he's upping his order by a few grams (he's got $ &lt;#&gt; ), when can you get here?",0,ham
797,"When people see my msgs, They think Iam addicted to msging... They are wrong, Bcoz They don\'t know that Iam addicted to my sweet Friends..!! BSLVYL",0,ham
798,December only! Had your mobile 11mths+? You are entitled to update to the latest colour camera mobile for Free! Call The Mobile Update VCo FREE on 08002986906 ,1,spam
799,Ok ill tell the company,0,ham
800,"Wat time liao, where still got.",0,ham
801,TBS/PERSOLVO. been chasing us since Sept for£38 definitely not paying now thanks to your information. We will ignore them. Kath. Manchester.,1,spam
802,Hey i've booked the pilates and yoga lesson already... Haha,0,ham
803,"Very hurting n meaningful lines ever: ""I compromised everything for my love, But at d end my love compromised me for everything:-("".. Gud mornin:-)",0,ham
804,Aight sorry I take ten years to shower. What's the plan?,0,ham
805,Lol well don't do it without me. We could have a big sale together.,0,ham
806,I wont. So wat's wit the guys,0,ham
807,Bloomberg -Message center +447797706009 Why wait? Apply for your future http://careers. bloomberg.com,1,spam
808,U call me alter at 11 ok.,0,ham
809,Wanna have a laugh? Try CHIT-CHAT on your mobile now! Logon by txting the word: CHAT and send it to No: 8883 CM PO Box 4217 London W1A 6ZF 16+ 118p/msg rcvd,1,spam
810,"Don't Think About ""What u Have Got"" Think About ""How to Use It That You Have Got"" gooD ni8",0,ham
811,Oh my God. I'm almost home,0,ham
812,Finished class where are you.,0,ham
813,Am also doing in cbe only. But have to pay.,0,ham
814,Dunno y u ask me.,0,ham
815,Or ill be a little closer like at the bus stop on the same street,0,ham
816,"Ok that would b lovely, if u r sure. Think about wot u want to do, drinkin, dancin, eatin, cinema, in, out, about... Up to u! Wot about ? ",0,ham
817,"I had been hoping i would not have to send you this message. My rent is due and i dont have enough for it. My reserves are completely gone. Its a loan i need and was hoping you could her. The balance is  &lt;#&gt; . Is there a way i could get that from you, till mid march when i hope to pay back.",0,ham
818,I'm so in love with you. I'm excited each day i spend with you. You make me so happy.,0,ham
819,"Vikky, come around  &lt;TIME&gt; ..",0,ham
820,Lol ok ill try to send. Be warned Sprint is dead slow. You'll prolly get it tomorrow,0,ham
821,Your daily text from me – a favour this time,0,ham
822,K...k:)why cant you come here and search job:),0,ham
823,What * u wearing?,0,ham
824,"Hey elaine, is today's meeting still on?",0,ham
825,"Sure thing big man. i have hockey elections at 6, shouldn‘t go on longer than an hour though",0,ham
826,I could ask carlos if we could get more if anybody else can chip in,0,ham
827,Thankyou so much for the call. I appreciate your care.,0,ham
